"PERIODE";"IAS_brut";"IAS_lisse";"Incidence_Sentinelles"
2009-07-01;1,7;2,2;2,3
2009-07-02;3,4;2,1;2,3
2009-07-03;2,1;2,1;2,3
2009-07-04;1,3;2;2,3
2009-07-05;14,2;2;2,3
2009-07-06;1,4;2;3,6
2009-07-07;2,2;1,9;3,6
2009-07-08;1,7;2;3,6
2009-07-09;2,3;2;3,6
2009-07-10;2,7;2,1;3,6
2009-07-11;0,9;2,1;3,6
2009-07-12;563,3;2,1;3,6
2009-07-13;2,3;2,1;2,4
2009-07-14;365,1;2,1;2,4
2009-07-15;1,8;2,2;2,4
2009-07-16;1,9;2,3;2,4
2009-07-17;1,1;2,6;2,4
2009-07-18;5,1;2,8;2,4
2009-07-19;42,1;3,1;2,4
2009-07-20;4,1;3,4;3,1
2009-07-21;3,4;3,7;3,1
2009-07-22;6,2;3,9;3,1
2009-07-23;4,2;3,8;3,1
2009-07-24;2,2;3,7;3,1
2009-07-25;6;3,4;3,1
2009-07-26;23,1;3,2;3,1
2009-07-27;2,9;2,9;6,9
2009-07-28;2,2;2,8;6,9
2009-07-29;2;2,7;6,9
2009-07-30;2,4;2,7;6,9
2009-07-31;3,6;2,7;6,9
2009-08-01;2,2;2,7;6,9
2009-08-02;202,8;2,6;6,9
2009-08-03;4;2,6;5,3
2009-08-04;1,6;2,5;5,3
2009-08-05;2,9;2,5;5,3
2009-08-06;2,1;2,5;5,3
2009-08-07;1,4;2,5;5,3
2009-08-08;3,4;2,5;5,3
2009-08-09;97;2,6;5,3
2009-08-10;2,3;2,6;5,6
2009-08-11;3,6;2,7;5,6
2009-08-12;5;2,7;5,6
2009-08-13;1,8;2,7;5,6
2009-08-14;0,8;2,6;5,6
2009-08-15;69,9;2,5;5,6
2009-08-16;443,6;2,3;5,6
2009-08-17;5,9;2,1;5,7
2009-08-18;1;1,9;5,7
2009-08-19;1,1;1,9;5,7
2009-08-20;2,2;1,9;5,7
2009-08-21;0,6;1,9;5,7
2009-08-22;2,5;2,1;5,7
2009-08-23;0,2;2,3;5,7
2009-08-24;3,9;2,6;7,1
2009-08-25;2,5;3;7,1
2009-08-26;2,9;3,3;7,1
2009-08-27;5,8;3,7;7,1
2009-08-28;3,7;4,1;7,1
2009-08-29;2,1;4,6;7,1
2009-08-30;3;5,1;7,1
2009-08-31;7,2;5,8;10,4
2009-09-01;5,1;6,5;10,4
2009-09-02;8,4;7,5;10,4
2009-09-03;9,4;8,8;10,4
2009-09-04;8,4;10,3;10,4
2009-09-05;5,8;12,1;10,4
2009-09-06;5185,8;14,2;10,4
2009-09-07;36,2;16,5;23
2009-09-08;13,1;19;23
2009-09-09;18,8;21,9;23
2009-09-10;27,8;25,8;23
2009-09-11;18,9;31,1;23
2009-09-12;27,9;38,3;23
2009-09-13;3553,1;47,4;23
2009-09-14;51,9;57,6;31,4
2009-09-15;89;67,9;31,4
2009-09-16;69,8;77,5;31,4
2009-09-17;196,1;84,6;31,4
2009-09-18;56,6;87,7;31,4
2009-09-19;55,7;86,1;31,4
2009-09-20;401,3;80,2;31,4
2009-09-21;167,4;72,1;27,6
2009-09-22;88,5;63,4;27,6
2009-09-23;33,6;55;27,6
2009-09-24;72,4;47,1;27,6
2009-09-25;18,7;40,1;27,6
2009-09-26;19,1;33,9;27,6
2009-09-27;1734,4;28,8;27,6
2009-09-28;39,9;25,4;25,4
2009-09-29;21,8;23,6;25,4
2009-09-30;13,9;22,9;25,4
2009-10-01;34,6;23,2;25,4
2009-10-02;10,2;23,8;25,4
2009-10-03;18,2;24,3;25,4
2009-10-04;2181,5;24,5;25,4
2009-10-05;49,2;24,5;22,9
2009-10-06;32,5;24,4;22,9
2009-10-07;27,3;24,1;22,9
2009-10-08;21,5;23,6;22,9
2009-10-09;7,1;23;22,9
2009-10-10;15,8;22;22,9
2009-10-11;2299,3;21,3;22,9
2009-10-12;43,2;21,3;22,6
2009-10-13;17,1;21,9;22,6
2009-10-14;29;23,1;22,6
2009-10-15;15,8;24,9;22,6
2009-10-16;13,4;27;22,6
2009-10-17;38,8;29,3;22,6
2009-10-18;4915,4;31,9;22,6
2009-10-19;31,9;35;29,9
2009-10-20;55,6;38,1;29,9
2009-10-21;42,8;40,5;29,9
2009-10-22;49,7;41,7;29,9
2009-10-23;22,8;41,4;29,9
2009-10-24;52,8;40,4;29,9
2009-10-25;1978,7;39,2;29,9
2009-10-26;58,1;37,7;38,7
2009-10-27;27,3;36,8;38,7
2009-10-28;26,9;36,8;38,7
2009-10-29;40,8;37;38,7
2009-10-30;33,6;36,9;38,7
2009-10-31;20,1;36,2;38,7
2009-11-01;2635,1;35,2;38,7
2009-11-02;77,5;34,1;33,4
2009-11-03;43;33;33,4
2009-11-04;16,1;31,9;33,4
2009-11-05;28;30,9;33,4
2009-11-06;19,5;30,4;33,4
2009-11-07;25;30,1;33,4
2009-11-08;1162,7;30,2;33,4
2009-11-09;46,9;31,1;50,9
2009-11-10;26,2;33,6;50,9
2009-11-11;1256,2;37,9;50,9
2009-11-12;35,7;44,1;50,9
2009-11-13;26,9;52,8;50,9
2009-11-14;29,9;64,5;50,9
2009-11-15;25076,9;79,6;50,9
2009-11-16;195;97;86,1
2009-11-17;80,1;116,5;86,1
2009-11-18;113,2;140,1;86,1
2009-11-19;228,1;166,8;86,1
2009-11-20;152,6;193,1;86,1
2009-11-21;178,2;219,4;86,1
2009-11-22;2660,7;246,9;86,1
2009-11-23;510;274,2;106,3
2009-11-24;257,8;298,7;106,3
2009-11-25;267,8;320,2;106,3
2009-11-26;413,5;338;106,3
2009-11-27;264,2;350,4;106,3
2009-11-28;280,7;354,4;106,3
2009-11-29;2086,6;348;106,3
2009-11-30;715,2;334,4;107,7
2009-12-01;340,1;321;107,7
2009-12-02;284,4;311;107,7
2009-12-03;346,5;304,2;107,7
2009-12-04;135,2;297,9;107,7
2009-12-05;62,2;286,6;107,7
2009-12-06;2552,6;269,4;107,7
2009-12-07;1022,2;251,8;86,3
2009-12-08;263,6;235,7;86,3
2009-12-09;273,9;218,3;86,3
2009-12-10;155,4;197,6;86,3
2009-12-11;49,5;172,2;86,3
2009-12-12;94,5;144;86,3
2009-12-13;938,9;118,1;86,3
2009-12-14;215,1;99,7;56,4
2009-12-15;136;87,5;56,4
2009-12-16;56,6;77,2;56,4
2009-12-17;48;67,1;56,4
2009-12-18;42,1;56,7;56,4
2009-12-19;30,2;47,6;56,4
2009-12-20;385,6;40,4;56,4
2009-12-21;41,7;35,5;39,3
2009-12-22;34,1;33,2;39,3
2009-12-23;16,4;32,5;39,3
2009-12-24;36,8;31,9;39,3
2009-12-25;1875,3;30,8;39,3
2009-12-26;16,3;29,5;39,3
2009-12-27;2917,2;27,9;39,3
2009-12-28;67,7;26,5;21,9
2009-12-29;14,9;25,9;21,9
2009-12-30;14,8;25,7;21,9
2009-12-31;15,9;25,2;21,9
2010-01-01;566,8;24,8;21,9
2010-01-02;18,8;24,2;21,9
2010-01-03;1583,1;23,2;21,9
2010-01-04;78,6;22,2;15,1
2010-01-05;8,4;21,2;15,1
2010-01-06;18,9;19,7;15,1
2010-01-07;25,8;18;15,1
2010-01-08;7,8;16,2;15,1
2010-01-09;10,4;14,2;15,1
2010-01-10;53,5;12,3;15,1
2010-01-11;19,9;10,8;9,3
2010-01-12;11,1;9,8;9,3
2010-01-13;11,3;9;9,3
2010-01-14;3,8;8,6;9,3
2010-01-15;3,9;8,3;9,3
2010-01-16;6;8;9,3
2010-01-17;9545,7;7,7;9,3
2010-01-18;13,2;7,5;8,3
2010-01-19;10,1;7,5;8,3
2010-01-20;5,5;7,4;8,3
2010-01-21;5,9;7,3;8,3
2010-01-22;5,5;7;8,3
2010-01-23;4,3;6,7;8,3
2010-01-24;37,6;6,4;8,3
2010-01-25;10,2;6,3;7,7
2010-01-26;6,5;6,2;7,7
2010-01-27;5,4;6,2;7,7
2010-01-28;5,7;6,1;7,7
2010-01-29;5;6;7,7
2010-01-30;5,5;5,9;7,7
2010-01-31;169,9;5,8;7,7
2010-02-01;5,7;5,6;5
2010-02-02;4,6;5,5;5
2010-02-03;11,1;5,4;5
2010-02-04;4;5,2;5
2010-02-05;4,5;5,1;5
2010-02-06;1,6;4,9;5
2010-02-07;10,4;4,6;5
2010-02-08;8,4;4,4;6,3
2010-02-09;5,9;4,2;6,3
2010-02-10;3,3;4,1;6,3
2010-02-11;3,2;4,1;6,3
2010-02-12;2,2;4,1;6,3
2010-02-13;4,4;4,1;6,3
2010-02-14;43,4;4,2;6,3
2010-02-15;6,9;4,4;4,4
2010-02-16;3,5;4,7;4,4
2010-02-17;3,9;4,9;4,4
2010-02-18;7,3;5;4,4
2010-02-19;3,7;5;4,4
2010-02-20;8,5;4,8;4,4
2010-02-21;586,8;4,4;4,4
2010-02-22;4,8;4;3,6
2010-02-23;2,6;3,6;3,6
2010-02-24;6,1;3,2;3,6
2010-02-25;2,7;2,8;3,6
2010-02-26;0,8;2,5;3,6
2010-02-27;1,9;2,3;3,6
2010-02-28;10,2;2,2;3,6
2010-03-01;3,1;2,2;2,7
2010-03-02;1,2;2,2;2,7
2010-03-03;3,2;2,3;2,7
2010-03-04;3,1;2,4;2,7
2010-03-05;2,2;2,4;2,7
2010-03-06;1,6;2,4;2,7
2010-03-07;32,9;2,4;2,7
2010-03-08;3,3;2,4;2
2010-03-09;2,3;2,3;2
2010-03-10;2,2;2,3;2
2010-03-11;2;2,2;2
2010-03-12;1,8;2,1;2
2010-03-13;2,1;2;2
2010-03-14;7,4;1,9;2
2010-03-15;2,7;1,9;2
2010-03-16;1,5;2;2
2010-03-17;1,2;2;2
2010-03-18;1,4;2,1;2
2010-03-19;3;2,2;2
2010-03-20;4;2,3;2
2010-03-21;243,1;2,4;2
2010-03-22;2,9;2,5;1,6
2010-03-23;1,2;2,5;1,6
2010-03-24;4,5;2,4;1,6
2010-03-25;2;2,3;1,6
2010-03-26;1,7;2,2;1,6
2010-03-27;2,9;2,2;1,6
2010-03-28;0,1;2;1,6
2010-03-29;2,3;1,9;1,6
2010-03-30;1,4;1,8;1,6
2010-03-31;1,9;1,7;1,6
2010-04-01;3,3;1,6;1,6
2010-04-02;0,6;1,6;1,6
2010-04-03;1,1;1,5;1,6
2010-04-04;11;1,4;1,6
2010-04-05;19,4;1,3;1,4
2010-04-06;1,4;1,3;1,4
2010-04-07;1,4;1,3;1,4
2010-04-08;1,5;1,4;1,4
2010-04-09;0,6;1,4;1,4
2010-04-10;2,3;1,4;1,4
2010-04-11;1,6;1,4;1,4
2010-04-12;2,4;1,5;0,9
2010-04-13;1,8;1,5;0,9
2010-04-14;0,5;1,4;0,9
2010-04-15;1,6;1,4;0,9
2010-04-16;2,2;1,3;0,9
2010-04-17;2;1,2;0,9
2010-04-18;68,5;1,2;0,9
2010-04-19;0,3;1,2;0,9
2010-04-20;0,6;1,2;0,9
2010-04-21;2,3;1,2;0,9
2010-04-22;1,9;1,2;0,9
2010-04-23;1,8;1,2;0,9
2010-04-24;0,4;1,2;0,9
2010-04-25;8,5;1,2;0,9
2010-04-26;1,5;1,1;0,6
2010-04-27;1,1;1;0,6
2010-04-28;0,7;1;0,6
2010-04-29;1,2;0,9;0,6
2010-04-30;0,7;0,9;0,6
2010-05-01;3,7;0,9;0,6
2010-05-02;0,6;0,9;0,6
2010-05-03;0,8;0,9;1
2010-05-04;0,7;0,9;1
2010-05-05;1,3;0,9;1
2010-05-06;1,1;1;1
2010-05-07;0,7;1;1
2010-05-08;11,9;1;1
2010-05-09;0,9;1,1;1
2010-05-10;1,9;1,1;0,6
2010-05-11;0,4;1,1;0,6
2010-05-12;1,5;1,2;0,6
2010-05-13;124,7;1,3;0,6
2010-05-14;0,8;1,4;0,6
2010-05-15;1,4;1,4;0,6
2010-05-16;24,5;1,5;0,6
2010-05-17;2,2;1,5;0,6
2010-05-18;2,1;1,5;0,6
2010-05-19;1,8;1,4;0,6
2010-05-20;0,8;1,3;0,6
2010-05-21;1;1,2;0,6
2010-05-22;0,8;1,1;0,6
2010-05-23;0,5;1;0,6
2010-05-24;7,4;0,9;0,9
2010-05-25;0,7;0,8;0,9
2010-05-26;1,3;0,8;0,9
2010-05-27;0,7;0,8;0,9
2010-05-28;0,7;0,8;0,9
2010-05-29;0,6;0,8;0,9
2010-05-30;26,4;0,8;0,9
2010-05-31;1,5;0,8;1,4
2010-06-01;0,9;0,8;1,4
2010-06-02;0,7;0,7;1,4
2010-06-03;0,4;0,7;1,4
2010-06-04;0,5;0,7;1,4
2010-06-05;0,6;0,8;1,4
2010-06-06;0;0,8;1,4
2010-06-07;1;0,9;0,9
2010-06-08;1;0,9;0,9
2010-06-09;1,7;1;0,9
2010-06-10;0,8;1,1;0,9
2010-06-11;0,9;1,1;0,9
2010-06-12;1,2;1,1;0,9
2010-06-13;1,8;1,1;0,9
2010-06-14;1,6;1,1;0,9
2010-06-15;0,9;1;0,9
2010-06-16;1,2;1;0,9
2010-06-17;0,7;1;0,9
2010-06-18;1,1;1;0,9
2010-06-19;0,3;1;0,9
2010-06-20;10,6;1;0,9
2010-06-21;1;1;1,9
2010-06-22;1,5;1;1,9
2010-06-23;1,2;1;1,9
2010-06-24;1,4;0,9;1,9
2010-06-25;0,5;0,8;1,9
2010-06-26;0,9;0,8;1,9
2010-06-27;33,7;0,7;1,9
2010-06-28;0,7;0,6;1,3
2010-06-29;0,2;0,6;1,3
2010-06-30;0,5;0,6;1,3
2010-07-01;1;0,6;1,3
2010-07-02;0,9;0,6;1,3
2010-07-03;0,5;0,6;1,3
2010-07-04;1,2;0,7;1,3
2010-07-05;0,6;0,7;0,6
2010-07-06;0,7;0,7;0,6
2010-07-07;0,9;0,7;0,6
2010-07-08;0,6;0,7;0,6
2010-07-09;0,6;0,8;0,6
2010-07-10;1;0,8;0,6
2010-07-11;47,3;0,8;0,6
2010-07-12;0,7;0,7;0,3
2010-07-13;1;0,7;0,3
2010-07-14;0;0,7;0,3
2010-07-15;0,5;0,6;0,3
2010-07-16;0,6;0,6;0,3
2010-07-17;0,3;0,5;0,3
2010-07-18;1,1;0,5;0,3
2010-07-19;0,6;0,5;1
2010-07-20;0,4;0,5;1
2010-07-21;0,4;0,5;1
2010-07-22;0,5;0,5;1
2010-07-23;0,7;0,5;1
2010-07-24;0,6;0,5;1
2010-07-25;1,8;0,5;1
2010-07-26;0,5;0,5;0,9
2010-07-27;0,4;0,5;0,9
2010-07-28;0,5;0,6;0,9
2010-07-29;0,4;0,6;0,9
2010-07-30;0,5;0,6;0,9
2010-07-31;1,5;0,7;0,9
2010-08-01;1,5;0,7;0,9
2010-08-02;1,1;0,7;0,6
2010-08-03;0,8;0,7;0,6
2010-08-04;1,3;0,7;0,6
2010-08-05;0,4;0,6;0,6
2010-08-06;0,4;0,6;0,6
2010-08-07;0,3;0,5;0,6
2010-08-08;1,4;0,4;0,6
2010-08-09;0,8;0,4;0,1
2010-08-10;0,2;0,4;0,1
2010-08-11;0,3;0,3;0,1
2010-08-12;0,5;0,4;0,1
2010-08-13;0,2;0,4;0,1
2010-08-14;0,3;0,4;0,1
2010-08-15;2,2;0,5;0,1
2010-08-16;0,6;0,5;0,7
2010-08-17;0,6;0,6;0,7
2010-08-18;0,9;0,6;0,7
2010-08-19;0,8;0,7;0,7
2010-08-20;0,2;0,7;0,7
2010-08-21;1,3;0,7;0,7
2010-08-22;6;0,8;0,7
2010-08-23;0,9;0,8;1,1
2010-08-24;1;0,9;1,1
2010-08-25;0,7;0,9;1,1
2010-08-26;1,2;0,9;1,1
2010-08-27;0,8;0,9;1,1
2010-08-28;1,9;0,9;1,1
2010-08-29;0,2;0,8;1,1
2010-08-30;0,3;0,8;1
2010-08-31;1;0,8;1
2010-09-01;0,7;0,9;1
2010-09-02;1,3;0,9;1
2010-09-03;0,8;1;1
2010-09-04;0,8;1;1
2010-09-05;11,6;1,1;1
2010-09-06;2,8;1,1;1,1
2010-09-07;0,8;1,1;1,1
2010-09-08;0,6;1,2;1,1
2010-09-09;2,4;1,2;1,1
2010-09-10;0,5;1,3;1,1
2010-09-11;1,1;1,4;1,1
2010-09-12;0,1;1,6;1,1
2010-09-13;3,3;1,8;1,1
2010-09-14;1,1;2;1,1
2010-09-15;1,8;2,2;1,1
2010-09-16;5;2,4;1,1
2010-09-17;2,6;2,5;1,1
2010-09-18;2;2,6;1,1
2010-09-19;97,4;2,6;1,1
2010-09-20;1,7;2,7;2
2010-09-21;3,7;2,7;2
2010-09-22;4,5;2,9;2
2010-09-23;1,2;3,1;2
2010-09-24;2,8;3,5;2
2010-09-25;2,4;3,8;2
2010-09-26;261,2;4,2;2
2010-09-27;9,7;4,6;2,7
2010-09-28;5,9;4,9;2,7
2010-09-29;5;5,1;2,7
2010-09-30;2,9;5,1;2,7
2010-10-01;5,7;5;2,7
2010-10-02;4,3;4,7;2,7
2010-10-03;531,6;4,3;2,7
2010-10-04;4,7;4;4,1
2010-10-05;5,8;3,7;4,1
2010-10-06;2,1;3,3;4,1
2010-10-07;3,6;3;4,1
2010-10-08;1,8;2,8;4,1
2010-10-09;1,4;2,6;4,1
2010-10-10;41,3;2,5;4,1
2010-10-11;3,3;2,4;4
2010-10-12;1,1;2,5;4
2010-10-13;4;2,6;4
2010-10-14;2,2;2,7;4
2010-10-15;3,8;2,8;4
2010-10-16;2,4;2,8;4
2010-10-17;133,9;2,8;4
2010-10-18;4,2;2,7;4,3
2010-10-19;2,8;2,6;4,3
2010-10-20;1,8;2,5;4,3
2010-10-21;2,4;2,4;4,3
2010-10-22;1,4;2,4;4,3
2010-10-23;1,7;2,5;4,3
2010-10-24;129,9;2,5;4,3
2010-10-25;4,2;2,5;3,6
2010-10-26;2;2,6;3,6
2010-10-27;6,1;2,6;3,6
2010-10-28;1,6;2,5;3,6
2010-10-29;1,4;2,3;3,6
2010-10-30;2,4;2,1;3,6
2010-10-31;31,1;2;3,6
2010-11-01;22,9;1,8;3,6
2010-11-02;1,1;1,7;3,6
2010-11-03;2;1,7;3,6
2010-11-04;2,1;1,7;3,6
2010-11-05;1,8;1,8;3,6
2010-11-06;0,5;1,9;3,6
2010-11-07;25,2;1,9;3,6
2010-11-08;4,7;2;2
2010-11-09;2,1;2;2
2010-11-10;1,5;1,9;2
2010-11-11;181,2;1,9;2
2010-11-12;1,2;1,7;2
2010-11-13;1,5;1,6;2
2010-11-14;0,1;1,6;2
2010-11-15;2,1;1,6;3,6
2010-11-16;1;1,7;3,6
2010-11-17;1;1,8;3,6
2010-11-18;2,4;2,1;3,6
2010-11-19;3;2,4;3,6
2010-11-20;3,7;2,8;3,6
2010-11-21;5;3,2;3,6
2010-11-22;4,1;3,5;6
2010-11-23;4;3,8;6
2010-11-24;5,9;3,9;6
2010-11-25;3,6;4,1;6
2010-11-26;1,5;4,3;6
2010-11-27;7,1;4,5;6
2010-11-28;0,9;4,7;6
2010-11-29;6,7;5;8,4
2010-11-30;5,6;5,4;8,4
2010-12-01;6,6;5,8;8,4
2010-12-02;3,9;6,2;8,4
2010-12-03;6;6,6;8,4
2010-12-04;7;7,1;8,4
2010-12-05;109,1;7,5;8,4
2010-12-06;9,2;8;12,6
2010-12-07;8,7;8,4;12,6
2010-12-08;11,5;8,9;12,6
2010-12-09;8,5;9,5;12,6
2010-12-10;6;10,3;12,6
2010-12-11;9;11,4;12,6
2010-12-12;25,8;12,7;12,6
2010-12-13;21,7;14,2;23,9
2010-12-14;10,4;16;23,9
2010-12-15;17,2;18;23,9
2010-12-16;40,1;20;23,9
2010-12-17;15;22;23,9
2010-12-18;11,2;23,7;23,9
2010-12-19;2926,7;25,5;23,9
2010-12-20;51,1;27,4;36,1
2010-12-21;21;30;36,1
2010-12-22;28,5;34,6;36,1
2010-12-23;29,4;42,6;36,1
2010-12-24;27,7;54,7;36,1
2010-12-25;7795;70,6;36,1
2010-12-26;26968,4;90,5;36,1
2010-12-27;161,4;113,1;51,9
2010-12-28;181;137,1;51,9
2010-12-29;107,3;164,3;51,9
2010-12-30;136,4;194,4;51,9
2010-12-31;125,1;227,2;51,9
2011-01-01;8508,4;263,2;51,9
2011-01-02;10059,7;299,1;51,9
2011-01-03;611,7;327,6;70
2011-01-04;429,8;346;70
2011-01-05;308,1;352,6;70
2011-01-06;382;346,9;70
2011-01-07;182,8;333,4;70
2011-01-08;197,2;316,5;70
2011-01-09;25022;298,3;70
2011-01-10;515,8;281,8;69,9
2011-01-11;270,4;270,8;69,9
2011-01-12;249;264,6;69,9
2011-01-13;232,2;259,8;69,9
2011-01-14;171,4;253;69,9
2011-01-15;114,4;243;69,9
2011-01-16;2027,9;231,8;69,9
2011-01-17;516,8;222,5;62,4
2011-01-18;269,3;219,8;62,4
2011-01-19;148,7;224,6;62,4
2011-01-20;176,3;233,7;62,4
2011-01-21;136,8;244,4;62,4
2011-01-22;102,4;254,3;62,4
2011-01-23;34643,6;262,7;62,4
2011-01-24;850,3;271,2;62,9
2011-01-25;301,7;281,1;62,9
2011-01-26;205,4;290;62,9
2011-01-27;291,8;296,1;62,9
2011-01-28;176,5;300,1;62,9
2011-01-29;127,2;302,7;62,9
2011-01-30;6343,3;305,7;62,9
2011-01-31;636,2;312,6;62,9
2011-02-01;315,9;321,4;62,9
2011-02-02;406,8;323,9;62,9
2011-02-03;347,6;315,3;62,9
2011-02-04;243,2;293,8;62,9
2011-02-05;114,4;261;62,9
2011-02-06;16486,4;223,1;62,9
2011-02-07;371,5;189,4;49
2011-02-08;183,6;163,8;49
2011-02-09;117,2;144,5;49
2011-02-10;116;130,2;49
2011-02-11;58,9;119;49
2011-02-12;36,3;108,4;49
2011-02-13;2739,4;97,6;49
2011-02-14;238,3;88,6;33,7
2011-02-15;76,8;81,9;33,7
2011-02-16;110,3;75,6;33,7
2011-02-17;57,6;68,4;33,7
2011-02-18;33,2;60,2;33,7
2011-02-19;15,3;51,1;33,7
2011-02-20;1369,6;42,7;33,7
2011-02-21;78,3;36,5;17,7
2011-02-22;35,7;32,6;17,7
2011-02-23;22,6;30;17,7
2011-02-24;26,4;27,8;17,7
2011-02-25;13,3;25,4;17,7
2011-02-26;23,1;22,4;17,7
2011-02-27;5056,5;19,3;17,7
2011-02-28;27,5;16,8;12,3
2011-03-01;17,2;14,8;12,3
2011-03-02;13,2;13,1;12,3
2011-03-03;6,1;11,4;12,3
2011-03-04;7,6;9,8;12,3
2011-03-05;4,9;8,3;12,3
2011-03-06;1089,9;7;12,3
2011-03-07;12,8;6;7,6
2011-03-08;3,2;5,3;7,6
2011-03-09;5,4;4,8;7,6
2011-03-10;3,9;4,3;7,6
2011-03-11;2,7;4;7,6
2011-03-12;2,4;3,7;7,6
2011-03-13;16,8;3,4;7,6
2011-03-14;3,6;3,3;3,3
2011-03-15;4,1;3,2;3,3
2011-03-16;4;3;3,3
2011-03-17;1,9;2,9;3,3
2011-03-18;3,1;2,7;3,3
2011-03-19;2;2,6;3,3
2011-03-20;0;2,4;3,3
2011-03-21;2,3;2,3;2,9
2011-03-22;2,8;2,2;2,9
2011-03-23;1;2,1;2,9
2011-03-24;4,3;2,1;2,9
2011-03-25;1;2;2,9
2011-03-26;3,2;2;2,9
2011-03-27;99,4;2;2,9
2011-03-28;1,6;2;2
2011-03-29;1,8;2;2
2011-03-30;1,3;2,1;2
2011-03-31;2,6;2,1;2
2011-04-01;2,5;2,2;2
2011-04-02;3,6;2,2;2
2011-04-03;51,3;2,1;2
2011-04-04;1,6;2,1;1,7
2011-04-05;3,1;2;1,7
2011-04-06;1;1,9;1,7
2011-04-07;2,3;1,8;1,7
2011-04-08;1,2;1,7;1,7
2011-04-09;1,3;1,7;1,7
2011-04-10;106;1,7;1,7
2011-04-11;1,4;1,7;1,4
2011-04-12;2,3;1,7;1,4
2011-04-13;1,6;1,7;1,4
2011-04-14;2,1;1,7;1,4
2011-04-15;1,1;1,7;1,4
2011-04-16;1,8;1,7;1,4
2011-04-17;1,4;1,7;1,4
2011-04-18;2,7;1,7;1,1
2011-04-19;1,1;1,7;1,1
2011-04-20;1,6;1,6;1,1
2011-04-21;3,9;1,6;1,1
2011-04-22;0,9;1,5;1,1
2011-04-23;0,4;1,3;1,1
2011-04-24;50,4;1,2;1,1
2011-04-25;15,1;1,1;0,6
2011-04-26;1,2;1;0,6
2011-04-27;0,8;1;0,6
2011-04-28;0,9;0,9;0,6
2011-04-29;1,4;0,9;0,6
2011-04-30;0,6;0,9;0,6
2011-05-01;14,3;0,8;0,6
2011-05-02;0,5;0,8;1,1
2011-05-03;0,5;0,8;1,1
2011-05-04;0,9;0,8;1,1
2011-05-05;1,3;0,8;1,1
2011-05-06;1,1;0,9;1,1
2011-05-07;0,5;0,9;1,1
2011-05-08;18,2;0,9;1,1
2011-05-09;0,8;0,9;1,3
2011-05-10;1;0,9;1,3
2011-05-11;0,8;1;1,3
2011-05-12;1,7;1;1,3
2011-05-13;0,9;1;1,3
2011-05-14;0,4;1;1,3
2011-05-15;92,3;1;1,3
2011-05-16;1,6;1;0,9
2011-05-17;1;0,9;0,9
2011-05-18;0,6;0,9;0,9
2011-05-19;1;0,9;0,9
2011-05-20;1,2;0,9;0,9
2011-05-21;0,3;0,8;0,9
2011-05-22;7,8;0,8;0,9
2011-05-23;2;0,8;0,6
2011-05-24;0,3;0,8;0,6
2011-05-25;0,7;0,7;0,6
2011-05-26;0,5;0,8;0,6
2011-05-27;1;0,8;0,6
2011-05-28;0,6;0,8;0,6
2011-05-29;2,1;0,8;0,6
2011-05-30;1;0,8;0,7
2011-05-31;1,1;0,8;0,7
2011-06-01;0,6;0,8;0,7
2011-06-02;12;0,9;0,7
2011-06-03;0,7;0,9;0,7
2011-06-04;0,7;0,9;0,7
2011-06-05;10,5;0,9;0,7
2011-06-06;1;1;0,7
2011-06-07;1,5;1;0,7
2011-06-08;0,9;1;0,7
2011-06-09;0,9;1;0,7
2011-06-10;1;1;0,7
2011-06-11;0,8;1;0,7
2011-06-12;7;1,1;0,7
2011-06-13;3,3;1,1;0,9
2011-06-14;1;1,2;0,9
2011-06-15;1,2;1,2;0,9
2011-06-16;1,4;1,3;0,9
2011-06-17;1,3;1,3;0,9
2011-06-18;1,3;1,3;0,9
2011-06-19;166,6;1,2;0,9
2011-06-20;1,7;1,1;0,9
2011-06-21;1,3;1,1;0,9
2011-06-22;0,4;1;0,9
2011-06-23;0,9;1;0,9
2011-06-24;0,8;0,9;0,9
2011-06-25;0,9;0,9;0,9
2011-06-26;83,5;0,9;0,9
2011-06-27;0,7;0,9;0,3
2011-06-28;1,4;0,9;0,3
2011-06-29;0,6;0,9;0,3
2011-06-30;1,1;0,9;0,3
2011-07-01;1,1;0,8;0,3
2011-07-02;0,7;0,8;0,3
2011-07-03;0;0,8;0,3
2011-07-04;0,4;0,7;0,9
2011-07-05;0,5;0,7;0,9
2011-07-06;0,9;0,7;0,9
2011-07-07;0,8;0,7;0,9
2011-07-08;1,3;0,7;0,9
2011-07-09;0,6;0,7;0,9
2011-07-10;13,7;0,7;0,9
2011-07-11;0,4;0,7;0,4
2011-07-12;0,8;0,7;0,4
2011-07-13;0,4;0,7;0,4
2011-07-14;0,2;0,7;0,4
2011-07-15;1;0,7;0,4
2011-07-16;0,9;0,8;0,4
2011-07-17;140,5;0,8;0,4
2011-07-18;0,6;0,8;0,6
2011-07-19;0,9;0,9;0,6
2011-07-20;1,1;0,9;0,6
2011-07-21;1,1;0,8;0,6
2011-07-22;0,5;0,8;0,6
2011-07-23;0,7;0,8;0,6
2011-07-24;7,5;0,8;0,6
2011-07-25;1,1;0,7;0,9
2011-07-26;0,7;0,7;0,9
2011-07-27;0,4;0,7;0,9
2011-07-28;0,9;0,6;0,9
2011-07-29;0,5;0,6;0,9
2011-07-30;0,7;0,6;0,9
2011-07-31;2,7;0,5;0,9
2011-08-01;0,4;0,5;0,6
2011-08-02;0,3;0,5;0,6
2011-08-03;0,5;0,5;0,6
2011-08-04;0,7;0,5;0,6
2011-08-05;0,6;0,5;0,6
2011-08-06;0,5;0,6;0,6
2011-08-07;0,1;0,6;0,6
2011-08-08;0,6;0,7;0,6
2011-08-09;0,9;0,7;0,6
2011-08-10;0,8;0,8;0,6
2011-08-11;0,9;0,8;0,6
2011-08-12;0,4;0,7;0,6
2011-08-13;1,7;0,7;0,6
2011-08-14;8,8;0,6;0,6
2011-08-15;78,6;0,5;0,6
2011-08-16;0,3;0,5;0,6
2011-08-17;0,1;0,4;0,6
2011-08-18;0,5;0,4;0,6
2011-08-19;0,6;0,4;0,6
2011-08-20;0,2;0,5;0,6
2011-08-21;0,1;0,5;0,6
2011-08-22;0,8;0,5;0,7
2011-08-23;0,3;0,6;0,7
2011-08-24;1,2;0,6;0,7
2011-08-25;1,4;0,6;0,7
2011-08-26;0,3;0,6;0,7
2011-08-27;0,2;0,6;0,7
2011-08-28;1,2;0,6;0,7
2011-08-29;0,6;0,6;1
2011-08-30;0,5;0,7;1
2011-08-31;0,8;0,7;1
2011-09-01;0,9;0,7;1
2011-09-02;1,2;0,8;1
2011-09-03;0,5;0,8;1
2011-09-04;2;0,9;1
2011-09-05;0,6;0,9;1
2011-09-06;1;0,9;1
2011-09-07;1,2;1;1
2011-09-08;1;1,1;1
2011-09-09;1,1;1,2;1
2011-09-10;1,1;1,3;1
2011-09-11;18,3;1,4;1
2011-09-12;1,1;1,6;1,9
2011-09-13;2,3;1,7;1,9
2011-09-14;2,4;1,8;1,9
2011-09-15;2,6;1,9;1,9
2011-09-16;1,1;2;1,9
2011-09-17;1,4;2,1;1,9
2011-09-18;41,8;2,3;1,9
2011-09-19;3,1;2,4;3,1
2011-09-20;3,2;2,6;3,1
2011-09-21;2,7;2,8;3,1
2011-09-22;2,6;3,1;3,1
2011-09-23;2,1;3,3;3,1
2011-09-24;4,1;3,5;3,1
2011-09-25;637;3,6;3,1
2011-09-26;4,9;3,7;3,9
2011-09-27;5,7;3,7;3,9
2011-09-28;2,3;3,6;3,9
2011-09-29;4,3;3,5;3,9
2011-09-30;1,9;3,3;3,9
2011-10-01;4;3,1;3,9
2011-10-02;24,9;2,9;3,9
2011-10-03;3;2,8;3,1
2011-10-04;2,6;2,7;3,1
2011-10-05;2,4;2,7;3,1
2011-10-06;3,7;2,8;3,1
2011-10-07;1;2,9;3,1
2011-10-08;4;3,1;3,1
2011-10-09;96,5;3,2;3,1
2011-10-10;5,5;3,3;1,7
2011-10-11;4;3,4;1,7
2011-10-12;2,6;3,5;1,7
2011-10-13;4,4;3,6;1,7
2011-10-14;2,4;3,6;1,7
2011-10-15;1,5;3,6;1,7
2011-10-16;1,2;3,7;1,7
2011-10-17;8;3,7;3,9
2011-10-18;4,5;3,7;3,9
2011-10-19;2,6;3,7;3,9
2011-10-20;5,5;3,6;3,9
2011-10-21;2,1;3,5;3,9
2011-10-22;2;3,4;3,9
2011-10-23;0,9;3,3;3,9
2011-10-24;5,1;3,2;4,9
2011-10-25;3,1;3,2;4,9
2011-10-26;2,2;3,1;4,9
2011-10-27;5,9;3,1;4,9
2011-10-28;3,2;3;4,9
2011-10-29;1,2;2,9;4,9
2011-10-30;16,6;2,8;4,9
2011-10-31;1,8;2,7;3,1
2011-11-01;15,1;2,7;3,1
2011-11-02;2,9;2,7;3,1
2011-11-03;4,1;2,7;3,1
2011-11-04;2,4;2,7;3,1
2011-11-05;2,6;2,6;3,1
2011-11-06;0;2,6;3,1
2011-11-07;2,9;2,6;4,1
2011-11-08;2;2,6;4,1
2011-11-09;1,6;2,6;4,1
2011-11-10;3,6;2,8;4,1
2011-11-11;26,1;3,1;4,1
2011-11-12;3;3,4;4,1
2011-11-13;35,5;3,7;4,1
2011-11-14;3,7;4;5
2011-11-15;4,9;4,2;5
2011-11-16;3,9;4,3;5
2011-11-17;5,9;4,5;5
2011-11-18;3,3;4,7;5
2011-11-19;4,8;4,9;5
2011-11-20;4;5,2;5
2011-11-21;5,3;5,4;4
2011-11-22;6,3;5,6;4
2011-11-23;6;5,9;4
2011-11-24;10,6;6,2;4
2011-11-25;2,7;6,5;4
2011-11-26;5,8;6,7;4
2011-11-27;94,8;6,9;4
2011-11-28;13;7,1;7,3
2011-11-29;6,6;7,3;7,3
2011-11-30;5,8;7,5;7,3
2011-12-01;7,9;7,7;7,3
2011-12-02;6,7;7,8;7,3
2011-12-03;8,9;7,8;7,3
2011-12-04;8,4;7,9;7,3
2011-12-05;9,8;8;6,1
2011-12-06;7,8;8,2;6,1
2011-12-07;6,2;8,5;6,1
2011-12-08;9,3;8,9;6,1
2011-12-09;9,1;9,2;6,1
2011-12-10;5,5;9,4;6,1
2011-12-11;1369,6;9,5;6,1
2011-12-12;18;9,4;5,4
2011-12-13;10,8;9,2;5,4
2011-12-14;7,3;8,9;5,4
2011-12-15;6,6;8,6;5,4
2011-12-16;5,5;8,3;5,4
2011-12-17;5,4;8;5,4
2011-12-18;472,9;7,8;5,4
2011-12-19;10,7;7,7;5,9
2011-12-20;7,7;7,8;5,9
2011-12-21;8,3;7,8;5,9
2011-12-22;9,7;8;5,9
2011-12-23;4,1;8,2;5,9
2011-12-24;7,2;8,5;5,9
2011-12-25;34,5;9;5,9
2011-12-26;9,7;9,7;8,3
2011-12-27;11,4;10,3;8,3
2011-12-28;13,4;11;8,3
2011-12-29;15,1;11,5;8,3
2011-12-30;11,3;11,6;8,3
2011-12-31;4,6;11,3;8,3
2012-01-01;740,3;11;8,3
2012-01-02;16;10,7;10,1
2012-01-03;11,1;10,5;10,1
2012-01-04;6,2;10,5;10,1
2012-01-05;12,4;10,5;10,1
2012-01-06;8,3;10,5;10,1
2012-01-07;11,6;10,4;10,1
2012-01-08;12,4;10,1;10,1
2012-01-09;19;9,8;9,1
2012-01-10;8,3;9,5;9,1
2012-01-11;6,3;9,2;9,1
2012-01-12;10,3;9;9,1
2012-01-13;6,6;9,1;9,1
2012-01-14;4,1;9,4;9,1
2012-01-15;726;9,9;9,1
2012-01-16;14,6;10,6;11,1
2012-01-17;8,3;11,4;11,1
2012-01-18;18,5;12,1;11,1
2012-01-19;12,2;12,8;11,1
2012-01-20;14,7;13,3;11,1
2012-01-21;8;13,7;11,1
2012-01-22;42,5;13,7;11,1
2012-01-23;22,7;13,7;15,3
2012-01-24;7,7;13,6;15,3
2012-01-25;25,2;13,7;15,3
2012-01-26;14;14,1;15,3
2012-01-27;8,3;14,8;15,3
2012-01-28;7,7;15,6;15,3
2012-01-29;252,3;16,5;15,3
2012-01-30;28,1;17,4;23,9
2012-01-31;15,1;18,7;23,9
2012-02-01;31,6;20,6;23,9
2012-02-02;22,3;23,2;23,9
2012-02-03;11,8;26,2;23,9
2012-02-04;16;29,3;23,9
2012-02-05;5104,4;32,4;23,9
2012-02-06;80,8;35,3;39,4
2012-02-07;40,7;38,4;39,4
2012-02-08;46;42,7;39,4
2012-02-09;38,3;48,5;39,4
2012-02-10;29,8;55,5;39,4
2012-02-11;22,5;63,8;39,4
2012-02-12;484,6;73,7;39,4
2012-02-13;185,4;84,7;59,3
2012-02-14;128,8;97,3;59,3
2012-02-15;111,5;112;59,3
2012-02-16;112,5;127,2;59,3
2012-02-17;107,6;141,9;59,3
2012-02-18;42,6;156;59,3
2012-02-19;36523,8;170,1;59,3
2012-02-20;469,4;184,3;64,6
2012-02-21;166,6;198,3;64,6
2012-02-22;196,9;210,2;64,6
2012-02-23;292,1;216,6;64,6
2012-02-24;155,6;215,1;64,6
2012-02-25;113,8;205,3;64,6
2012-02-26;518,8;190,5;64,6
2012-02-27;418,3;175,8;50,7
2012-02-28;157,8;163,8;50,7
2012-02-29;164,8;153,4;50,7
2012-03-01;103,5;144,1;50,7
2012-03-02;89,7;134,8;50,7
2012-03-03;43,5;124,1;50,7
2012-03-04;2912,9;112,5;50,7
2012-03-05;325,4;102,7;39,3
2012-03-06;81,9;95,7;39,3
2012-03-07;84,2;89,7;39,3
2012-03-08;81,2;83,1;39,3
2012-03-09;40,3;74,9;39,3
2012-03-10;37,3;65,9;39,3
2012-03-11;620,8;57,3;39,3
2012-03-12;126,5;50,5;29
2012-03-13;50,7;45,9;29
2012-03-14;24,1;42,1;29
2012-03-15;29;38,7;29
2012-03-16;38,9;35,5;29
2012-03-17;11,3;32,5;29
2012-03-18;112,2;29,8;29
2012-03-19;64,8;27,8;19
2012-03-20;16,8;26,3;19
2012-03-21;22,8;24,2;19
2012-03-22;40;21,1;19
2012-03-23;17,5;17,6;19
2012-03-24;6,5;14,1;19
2012-03-25;301,8;11,1;19
2012-03-26;16,3;8,9;14,1
2012-03-27;2,3;7,5;14,1
2012-03-28;5,1;6,5;14,1
2012-03-29;3,7;6;14,1
2012-03-30;10,4;5,6;14,1
2012-03-31;5,1;5,4;14,1
2012-04-01;2,5;5,2;14,1
2012-04-02;6,9;5;8,3
2012-04-03;3,5;4,8;8,3
2012-04-04;3,2;4,6;8,3
2012-04-05;5,8;4,4;8,3
2012-04-06;4;4,4;8,3
2012-04-07;3,1;4,4;8,3
2012-04-08;6;4,3;8,3
2012-04-09;192,6;4,3;4,6
2012-04-10;4,4;4,2;4,6
2012-04-11;5,8;4,2;4,6
2012-04-12;3,6;4,1;4,6
2012-04-13;2,7;4;4,6
2012-04-14;3,5;3,8;4,6
2012-04-15;17,9;3,6;4,6
2012-04-16;5,6;3,3;2,6
2012-04-17;4,4;3,2;2,6
2012-04-18;1,9;3;2,6
2012-04-19;1,9;2,9;2,6
2012-04-20;2,2;2,8;2,6
2012-04-21;3,1;2,7;2,6
2012-04-22;30,5;2,6;2,6
2012-04-23;3,8;2,5;1,6
2012-04-24;2,7;2,4;1,6
2012-04-25;1,7;2,3;1,6
2012-04-26;2,6;2,2;1,6
2012-04-27;1,5;2,1;1,6
2012-04-28;1,5;1,9;1,6
2012-04-29;182,4;1,8;1,6
2012-04-30;2;1,7;0,6
2012-05-01;3,1;1,7;0,6
2012-05-02;1,4;1,7;0,6
2012-05-03;1,1;1,7;0,6
2012-05-04;2,4;1,7;0,6
2012-05-05;0,9;1,7;0,6
2012-05-06;80,7;1,7;0,6
2012-05-07;2,5;1,7;0,7
2012-05-08;88,4;1,6;0,7
2012-05-09;1,5;1,6;0,7
2012-05-10;1,5;1,5;0,7
2012-05-11;0,9;1,4;0,7
2012-05-12;0,8;1,4;0,7
2012-05-13;12,9;1,3;0,7
2012-05-14;2;1,3;0,6
2012-05-15;1,5;1,3;0,6
2012-05-16;1,4;1,2;0,6
2012-05-17;14,7;1,2;0,6
2012-05-18;0,6;1,2;0,6
2012-05-19;0,6;1,3;0,6
2012-05-20;75,3;1,3;0,6
2012-05-21;2,1;1,3;0,9
2012-05-22;1,3;1,3;0,9
2012-05-23;1,7;1,4;0,9
2012-05-24;1,2;1,3;0,9
2012-05-25;1,7;1,2;0,9
2012-05-26;0,7;1,1;0,9
2012-05-27;11,5;1;0,9
2012-05-28;0;0,9;1,3
2012-05-29;0,7;0,9;1,3
2012-05-30;0,7;0,8;1,3
2012-05-31;0,7;0,9;1,3
2012-06-01;1,5;0,9;1,3
2012-06-02;0,8;1;1,3
2012-06-03;21,6;1;1,3
2012-06-04;0,8;1,1;0,6
2012-06-05;1,1;1,2;0,6
2012-06-06;1,4;1,3;0,6
2012-06-07;1,6;1,4;0,6
2012-06-08;1,8;1,5;0,6
2012-06-09;1,8;1,6;0,6
2012-06-10;0;1,6;0,6
2012-06-11;1,7;1,6;1,3
2012-06-12;1,9;1,6;1,3
2012-06-13;1,7;1,6;1,3
2012-06-14;1,4;1,6;1,3
2012-06-15;1,2;1,6;1,3
2012-06-16;2;1,6;1,3
2012-06-17;3,2;1,5;1,3
2012-06-18;1,5;1,5;0,6
2012-06-19;1,5;1,4;0,6
2012-06-20;1,8;1,4;0,6
2012-06-21;1,6;1,4;0,6
2012-06-22;0,6;1,3;0,6
2012-06-23;1,4;1,3;0,6
2012-06-24;296,5;1,3;0,6
2012-06-25;1,5;1,2;1,1
2012-06-26;1,2;1,2;1,1
2012-06-27;0,7;1,2;1,1
2012-06-28;1,5;1,2;1,1
2012-06-29;1,2;1,2;1,1
2012-06-30;1,1;1,2;1,1
2012-07-01;0,3;1,2;1,1
2012-07-02;1,8;1,2;1
2012-07-03;0,9;1,2;1
2012-07-04;1,6;1,2;1
2012-07-05;1;1,2;1
2012-07-06;1,2;1,1;1
2012-07-07;0,6;1,1;1
2012-07-08;28,9;1,1;1
2012-07-09;1,3;1,1;1
2012-07-10;1,1;1;1
2012-07-11;1,3;1;1
2012-07-12;0,8;1;1
2012-07-13;0,5;1,1;1
2012-07-14;26,4;1,1;1
2012-07-15;11,5;1,2;1
2012-07-16;0,9;1,2;1,4
2012-07-17;1,3;1,3;1,4
2012-07-18;3;1,2;1,4
2012-07-19;1,6;1,2;1,4
2012-07-20;0,7;1;1,4
2012-07-21;0,6;0,9;1,4
2012-07-22;2,8;0,8;1,4
2012-07-23;0,5;0,7;0,4
2012-07-24;0,6;0,7;0,4
2012-07-25;0,8;0,6;0,4
2012-07-26;0,8;0,7;0,4
2012-07-27;0,6;0,7;0,4
2012-07-28;0,3;0,7;0,4
2012-07-29;9,9;0,7;0,4
2012-07-30;1;0,7;0,6
2012-07-31;0,9;0,7;0,6
2012-08-01;0,4;0,6;0,6
2012-08-02;0,6;0,6;0,6
2012-08-03;0,6;0,6;0,6
2012-08-04;0,6;0,6;0,6
2012-08-05;14,5;0,5;0,6
2012-08-06;0,8;0,5;1,4
2012-08-07;0,4;0,5;1,4
2012-08-08;0,2;0,4;1,4
2012-08-09;0,5;0,4;1,4
2012-08-10;0,5;0,4;1,4
2012-08-11;0,2;0,3;1,4
2012-08-12;0,4;0,3;1,4
2012-08-13;0,3;0,3;1,4
2012-08-14;0,3;0,3;1,4
2012-08-15;0,1;0,3;1,4
2012-08-16;0,2;0,3;1,4
2012-08-17;0,4;0,4;1,4
2012-08-18;0,3;0,4;1,4
2012-08-19;24;0,5;1,4
2012-08-20;1,2;0,5;0,9
2012-08-21;0,6;0,5;0,9
2012-08-22;0,3;0,6;0,9
2012-08-23;0,6;0,6;0,9
2012-08-24;0,6;0,6;0,9
2012-08-25;0,6;0,6;0,9
2012-08-26;60,9;0,6;0,9
2012-08-27;0,6;0,6;1,9
2012-08-28;0,5;0,6;1,9
2012-08-29;0,9;0,6;1,9
2012-08-30;0,5;0,7;1,9
2012-08-31;0,8;0,7;1,9
2012-09-01;0,3;0,7;1,9
2012-09-02;4,7;0,7;1,9
2012-09-03;1;0,8;1,4
2012-09-04;1;0,8;1,4
2012-09-05;0,9;0,9;1,4
2012-09-06;0,6;1;1,4
2012-09-07;1;1;1,4
2012-09-08;1,5;1,1;1,4
2012-09-09;4,8;1,1;1,4
2012-09-10;1,5;1,2;1,7
2012-09-11;1,2;1,3;1,7
2012-09-12;1,3;1,3;1,7
2012-09-13;0,8;1,4;1,7
2012-09-14;1,6;1,5;1,7
2012-09-15;2,2;1,6;1,7
2012-09-16;78,2;1,8;1,7
2012-09-17;1,1;2;3,3
2012-09-18;2,5;2,2;3,3
2012-09-19;3,1;2,4;3,3
2012-09-20;2,4;2,6;3,3
2012-09-21;2,2;2,9;3,3
2012-09-22;4,7;3,1;3,3
2012-09-23;4,2;3,3;3,3
2012-09-24;3,2;3,5;4,6
2012-09-25;4,6;3,6;4,6
2012-09-26;3,8;3,8;4,6
2012-09-27;4,2;3,9;4,6
2012-09-28;3,1;3,9;4,6
2012-09-29;2,8;3,9;4,6
2012-09-30;84,7;3,9;4,6
2012-10-01;6,2;3,9;4
2012-10-02;4,3;3,9;4
2012-10-03;3;3,8;4
2012-10-04;3,8;3,8;4
2012-10-05;3,3;3,7;4
2012-10-06;3,1;3,6;4
2012-10-07;0,3;3,6;4
2012-10-08;3,9;3,5;4,1
2012-10-09;4,9;3,5;4,1
2012-10-10;1,9;3,6;4,1
2012-10-11;6;3,7;4,1
2012-10-12;2,3;4;4,1
2012-10-13;3,2;4,1;4,1
2012-10-14;3,3;4,2;4,1
2012-10-15;6,4;4,2;3
2012-10-16;6,1;4,2;3
2012-10-17;6,9;4,1;3
2012-10-18;2,9;3,9;3
2012-10-19;2;3,7;3
2012-10-20;1,8;3,4;3
2012-10-21;14,3;3,2;3
2012-10-22;4,4;3;4
2012-10-23;3;2,9;4
2012-10-24;4,1;2,9;4
2012-10-25;1,9;3;4
2012-10-26;1,9;3,1;4
2012-10-27;4,1;3,2;4
2012-10-28;107;3,3;4
2012-10-29;2,9;3,4;3
2012-10-30;4,5;3,5;3
2012-10-31;4,9;3,6;3
2012-11-01;12,5;3,5;3
2012-11-02;3,1;3,3;3
2012-11-03;1,8;3,1;3
2012-11-04;23,6;2,9;3
2012-11-05;3,7;2,7;4,3
2012-11-06;2,2;2,6;4,3
2012-11-07;1,9;2,7;4,3
2012-11-08;2,6;2,8;4,3
2012-11-09;1,9;2,9;4,3
2012-11-10;4,6;3;4,3
2012-11-11;154,1;3,1;4,3
2012-11-12;3,9;3,1;6
2012-11-13;3,8;3,2;6
2012-11-14;2,4;3,2;6
2012-11-15;4,5;3,1;6
2012-11-16;1,8;3,2;6
2012-11-17;2;3,3;6
2012-11-18;347,8;3,4;6
2012-11-19;3,1;3,6;8,9
2012-11-20;4;3,9;8,9
2012-11-21;4,5;4,2;8,9
2012-11-22;7,6;4,5;8,9
2012-11-23;2,9;4,7;8,9
2012-11-24;4,7;4,8;8,9
2012-11-25;56,5;4,8;8,9
2012-11-26;9,2;4,7;9,7
2012-11-27;3,5;4,6;9,7
2012-11-28;3,7;4,6;9,7
2012-11-29;4,3;4,6;9,7
2012-11-30;4,4;4,7;9,7
2012-12-01;2,1;4,9;9,7
2012-12-02;87,8;5,2;9,7
2012-12-03;8,8;5,6;10,7
2012-12-04;5,8;6,1;10,7
2012-12-05;6,2;6,8;10,7
2012-12-06;7,7;7,8;10,7
2012-12-07;5,8;9,1;10,7
2012-12-08;6,1;10,6;10,7
2012-12-09;384,9;12,2;10,7
2012-12-10;19,1;13,9;18
2012-12-11;22,7;15,5;18
2012-12-12;14,7;17,2;18
2012-12-13;22;18,8;18
2012-12-14;15,5;20;18
2012-12-15;9,5;20,9;18
2012-12-16;498,1;21,4;18
2012-12-17;45,7;21,5;25,6
2012-12-18;19,4;21,5;25,6
2012-12-19;28,2;21,3;25,6
2012-12-20;18,6;21,4;25,6
2012-12-21;16,1;22,5;25,6
2012-12-22;6,3;25,3;25,6
2012-12-23;212,9;31,1;25,6
2012-12-24;40,4;40,6;35,9
2012-12-25;144,4;53,9;35,9
2012-12-26;80,9;69,3;35,9
2012-12-27;104,2;85,5;35,9
2012-12-28;113,5;99,8;35,9
2012-12-29;73,5;110;35,9
2012-12-30;10340,3;117,2;35,9
2012-12-31;90,5;122,3;36,6
2013-01-01;11293,2;126,7;36,6
2013-01-02;203,8;131;36,6
2013-01-03;98,3;133,1;36,6
2013-01-04;105,2;131,9;36,6
2013-01-05;100,9;126,6;36,6
2013-01-06;4024,7;118,1;36,6
2013-01-07;216,6;108,7;41,1
2013-01-08;106,9;100,7;41,1
2013-01-09;89,9;95,3;41,1
2013-01-10;67,5;92,3;41,1
2013-01-11;41,5;91,1;41,1
2013-01-12;47,4;91,6;41,1
2013-01-13;1514,8;93;41,1
2013-01-14;196,9;95,7;50,3
2013-01-15;105,7;101,5;50,3
2013-01-16;115,8;112,1;50,3
2013-01-17;113,7;126,6;50,3
2013-01-18;75,2;143,8;50,3
2013-01-19;41,4;163,2;50,3
2013-01-20;4671,3;184,5;50,3
2013-01-21;569,8;206,4;87,6
2013-01-22;285,1;233,3;87,6
2013-01-23;199,1;271,7;87,6
2013-01-24;310,1;323,4;87,6
2013-01-25;169,2;385,2;87,6
2013-01-26;139,5;453,9;87,6
2013-01-27;6003,3;528,1;87,6
2013-01-28;1773,5;603;110
2013-01-29;847,6;679,4;110
2013-01-30;841,7;756,9;110
2013-01-31;616,8;822;110
2013-02-01;593;859,2;110
2013-02-02;276,6;863,1;110
2013-02-03;8107,5;845,1;110
2013-02-04;2637,4;822,4;105,4
2013-02-05;1069,5;808,6;105,4
2013-02-06;603,9;800,5;105,4
2013-02-07;555,1;788,4;105,4
2013-02-08;411,8;768,3;105,4
2013-02-09;269,3;739,2;105,4
2013-02-10;34881;705,6;105,4
2013-02-11;2170,1;683;105,1
2013-02-12;616,8;674,7;105,1
2013-02-13;657,8;665,9;105,1
2013-02-14;597,2;645,6;105,1
2013-02-15;398,8;609,9;105,1
2013-02-16;199,6;561,4;105,1
2013-02-17;71851,8;509,7;105,1
2013-02-18;1038,7;469;78,6
2013-02-19;511,2;443,5;78,6
2013-02-20;354,7;424,7;78,6
2013-02-21;306,3;405,7;78,6
2013-02-22;263,2;380,6;78,6
2013-02-23;149,7;347,7;78,6
2013-02-24;34422,8;311,6;78,6
2013-02-25;886,8;280,8;58,1
2013-02-26;232,2;256,7;58,1
2013-02-27;185,9;233,5;58,1
2013-02-28;163,1;208,6;58,1
2013-03-01;131,1;182,5;58,1
2013-03-02;65,9;155,8;58,1
2013-03-03;2346,6;130,7;58,1
2013-03-04;250;111,6;37
2013-03-05;97,4;98,4;37
2013-03-06;86,4;87,7;37
2013-03-07;69,1;77,6;37
2013-03-08;40,2;67,1;37
2013-03-09;22,2;55,7;37
2013-03-10;2765,8;44,5;37
2013-03-11;109,3;35,7;18,9
2013-03-12;25,8;29,6;18,9
2013-03-13;21,7;25;18,9
2013-03-14;11;21,4;18,9
2013-03-15;11,4;18,4;18,9
2013-03-16;8,9;15,8;18,9
2013-03-17;195,4;13,7;18,9
2013-03-18;29,9;12,4;13,6
2013-03-19;8,8;11,6;13,6
2013-03-20;8,8;10,7;13,6
2013-03-21;10,5;9,8;13,6
2013-03-22;7,8;8,9;13,6
2013-03-23;6,7;8,1;13,6
2013-03-24;32,9;7,4;13,6
2013-03-25;5,8;6,8;9,7
2013-03-26;6,1;6,5;9,7
2013-03-27;7,6;6,3;9,7
2013-03-28;7,1;6;9,7
2013-03-29;4,9;5,8;9,7
2013-03-30;4,3;5,5;9,7
2013-03-31;63,1;5,2;9,7
2013-04-01;78,1;4,8;8,3
2013-04-02;3,8;4,6;8,3
2013-04-03;4,3;4,6;8,3
2013-04-04;4,9;4,8;8,3
2013-04-05;4,5;5;8,3
2013-04-06;3,4;5,2;8,3
2013-04-07;5,6;5,3;8,3
2013-04-08;9,2;5,3;4,3
2013-04-09;5,5;5,2;4,3
2013-04-10;8,4;5;4,3
2013-04-11;4,3;4,7;4,3
2013-04-12;2;4,4;4,3
2013-04-13;3;3,9;4,3
2013-04-14;2,4;3,5;4,3
2013-04-15;5,8;3,1;2,1
2013-04-16;2,5;2,9;2,1
2013-04-17;3,1;2,7;2,1
2013-04-18;1,3;2,6;2,1
2013-04-19;1,9;2,4;2,1
2013-04-20;2,1;2,3;2,1
2013-04-21;27,5;2,2;2,1
2013-04-22;2,8;2,1;1,7
2013-04-23;3;2;1,7
2013-04-24;1,1;2;1,7
2013-04-25;2,3;1,9;1,7
2013-04-26;1,3;1,9;1,7
2013-04-27;1,4;1,9;1,7
2013-04-28;44,3;1,8;1,7
2013-04-29;2;1,8;0,7
2013-04-30;2,9;1,7;0,7
2013-05-01;19,2;1,7;0,7
2013-05-02;1,2;1,6;0,7
2013-05-03;1;1,5;0,7
2013-05-04;1,5;1,4;0,7
2013-05-05;11;1,3;0,7
2013-05-06;1,1;1,2;0,3
2013-05-07;1;1,1;0,3
2013-05-08;29,3;1,1;0,3
2013-05-09;48;1;0,3
2013-05-10;0,8;1;0,3
2013-05-11;0,4;1,1;0,3
2013-05-12;77,7;1,1;0,3
2013-05-13;1;1,1;0,9
2013-05-14;1,1;1,2;0,9
2013-05-15;1,9;1,2;0,9
2013-05-16;1,5;1,2;0,9
2013-05-17;0,8;1,2;0,9
2013-05-18;1,4;1,2;0,9
2013-05-19;7,3;1,2;0,9
2013-05-20;4,8;1,1;1,3
2013-05-21;0,8;1,1;1,3
2013-05-22;0,9;1,2;1,3
2013-05-23;1,1;1,2;1,3
2013-05-24;1,8;1,3;1,3
2013-05-25;1,4;1,4;1,3
2013-05-26;10,8;1,5;1,3
2013-05-27;1,1;1,6;1,6
2013-05-28;1,3;1,7;1,6
2013-05-29;2,1;1,8;1,6
2013-05-30;3,8;1,8;1,6
2013-05-31;2,5;1,8;1,6
2013-06-01;0,4;1,7;1,6
2013-06-02;0,1;1,6;1,6
2013-06-03;1,7;1,5;3,6
2013-06-04;1,7;1,4;3,6
2013-06-05;1,1;1,4;3,6
2013-06-06;1,6;1,4;3,6
2013-06-07;0,8;1,4;3,6
2013-06-08;1,6;1,4;3,6
2013-06-09;1,6;1,4;3,6
2013-06-10;2;1,4;1,6
2013-06-11;1,2;1,4;1,6
2013-06-12;1,8;1,4;1,6
2013-06-13;1,2;1,4;1,6
2013-06-14;0,7;1,4;1,6
2013-06-15;1,8;1,3;1,6
2013-06-16;6,3;1,3;1,6
2013-06-17;2,4;1,2;0,6
2013-06-18;0,7;1,2;0,6
2013-06-19;1;1,1;0,6
2013-06-20;0,7;1,1;0,6
2013-06-21;1,7;1,1;0,6
2013-06-22;0,4;1,1;0,6
2013-06-23;1,8;1,1;0,6
2013-06-24;1,3;1,1;0,7
2013-06-25;1,3;1,1;0,7
2013-06-26;1;1;0,7
2013-06-27;1,2;1;0,7
2013-06-28;1;1;0,7
2013-06-29;0,5;1;0,7
2013-06-30;0,9;1;0,7
2013-07-01;1,1;1;1
2013-07-02;0,9;1,1;1
2013-07-03;1,7;1,1;1
2013-07-04;0,9;1,1;1
2013-07-05;0,9;1,1;1
2013-07-06;1,5;1;1
2013-07-07;16,6;0,9;1
2013-07-08;1,6;0,8;0,3
2013-07-09;0,6;0,7;0,3
2013-07-10;0,5;0,7;0,3
2013-07-11;0,3;0,6;0,3
2013-07-12;0,4;0,6;0,3
2013-07-13;0,5;0,5;0,3
2013-07-14;0,3;0,5;0,3
2013-07-15;0,8;0,6;0,4
2013-07-16;0,5;0,6;0,4
2013-07-17;0,5;0,6;0,4
2013-07-18;0,8;0,6;0,4
2013-07-19;0,7;0,6;0,4
2013-07-20;0,3;0,5;0,4
2013-07-21;0,9;0,5;0,4
2013-07-22;0,3;0,5;0,4
2013-07-23;0,6;0,5;0,4
2013-07-24;0,6;0,5;0,4
2013-07-25;0,9;0,5;0,4
2013-07-26;0,2;0,5;0,4
2013-07-27;0,4;0,5;0,4
2013-07-28;0,2;0,5;0,4
2013-07-29;0,7;0,5;0,6
2013-07-30;0,5;0,5;0,6
2013-07-31;0,5;0,5;0,6
2013-08-01;0,4;0,5;0,6
2013-08-02;0,6;0,5;0,6
2013-08-03;0,3;0,5;0,6
2013-08-04;5,3;0,4;0,6
2013-08-05;0,4;0,4;1
2013-08-06;0,3;0,4;1
2013-08-07;0,6;0,4;1
2013-08-08;1,7;0,4;1
2013-08-09;0,4;0,5;1
2013-08-10;0,3;0,5;1
2013-08-11;0;0,5;1
2013-08-12;0,8;0,5;1
2013-08-13;0,3;0,4;1
2013-08-14;0,4;0,4;1
2013-08-15;26,8;0,4;1
2013-08-16;0,4;0,4;1
2013-08-17;0,1;0,4;1
2013-08-18;2,2;0,4;1
2013-08-19;0,5;0,4;0,4
2013-08-20;0,2;0,4;0,4
2013-08-21;0,3;0,4;0,4
2013-08-22;0,6;0,4;0,4
2013-08-23;0,5;0,5;0,4
2013-08-24;0,4;0,5;0,4
2013-08-25;4,5;0,5;0,4
2013-08-26;0,6;0,6;0,3
2013-08-27;0,7;0,6;0,3
2013-08-28;0,6;0,6;0,3
2013-08-29;0,5;0,6;0,3
2013-08-30;0,8;0,6;0,3
2013-08-31;0,3;0,6;0,3
2013-09-01;33,4;0,6;0,3
2013-09-02;0,6;0,7;1
2013-09-03;0,6;0,7;1
2013-09-04;0,8;0,8;1
2013-09-05;0,9;0,8;1
2013-09-06;0,8;0,9;1
2013-09-07;1;0,9;1
2013-09-08;24,1;1;1
2013-09-09;1,2;1,1;1,1
2013-09-10;0,7;1,1;1,1
2013-09-11;1,7;1,2;1,1
2013-09-12;2;1,2;1,1
2013-09-13;0,7;1,4;1,1
2013-09-14;1;1,5;1,1
2013-09-15;84,2;1,7;1,1
2013-09-16;1,3;2;2,1
2013-09-17;2,3;2,3;2,1
2013-09-18;3,5;2,7;2,1
2013-09-19;2,7;3;2,1
2013-09-20;4,6;3,3;2,1
2013-09-21;3,3;3,5;2,1
2013-09-22;246,9;3,6;2,1
2013-09-23;4,2;3,7;1,1
2013-09-24;3,6;3,6;1,1
2013-09-25;4,4;3,5;1,1
2013-09-26;2,8;3,3;1,1
2013-09-27;2,9;3,2;1,1
2013-09-28;2,6;3,1;1,1
2013-09-29;1,9;3,1;1,1
2013-09-30;3;3,1;2,1
2013-10-01;2,5;3,1;2,1
2013-10-02;3,7;3,1;2,1
2013-10-03;10,8;3,2;2,1
2013-10-04;2,3;3,1;2,1
2013-10-05;3,5;3;2,1
2013-10-06;7,4;2,9;2,1
2013-10-07;2,9;2,8;2,7
2013-10-08;2,6;2,7;2,7
2013-10-09;2,9;2,7;2,7
2013-10-10;2,1;2,7;2,7
2013-10-11;2,3;2,7;2,7
2013-10-12;2;2,8;2,7
2013-10-13;35,8;2,8;2,7
2013-10-14;6,2;2,8;3,3
2013-10-15;2;2,8;3,3
2013-10-16;2,5;2,7;3,3
2013-10-17;3,1;2,6;3,3
2013-10-18;2,3;2,5;3,3
2013-10-19;1,7;2,4;3,3
2013-10-20;0,9;2,2;3,3
2013-10-21;2,6;2,1;3,6
2013-10-22;2,2;2;3,6
2013-10-23;1,7;2;3,6
2013-10-24;1,8;2;3,6
2013-10-25;1,5;1,9;3,6
2013-10-26;1,9;1,9;3,6
2013-10-27;16,6;1,9;3,6
2013-10-28;2,8;1,8;2,3
2013-10-29;1,7;1,8;2,3
2013-10-30;1,4;1,9;2,3
2013-10-31;1,7;1,9;2,3
2013-11-01;23,5;2;2,3
2013-11-02;1;2;2,3
2013-11-03;6,9;2;2,3
2013-11-04;3,8;1,9;2,4
2013-11-05;2,1;1,9;2,4
2013-11-06;2,3;1,8;2,4
2013-11-07;1,5;1,7;2,4
2013-11-08;0,7;1,6;2,4
2013-11-09;1;1,5;2,4
2013-11-10;5,1;1,4;2,4
2013-11-11;3,4;1,5;3
2013-11-12;1,1;1,6;3
2013-11-13;1,7;1,8;3
2013-11-14;2,8;2;3
2013-11-15;1,8;2,3;3
2013-11-16;1,7;2,6;3
2013-11-17;69,9;2,9;3
2013-11-18;5;3,3;5
2013-11-19;3,9;3,5;5
2013-11-20;4,1;3,8;5
2013-11-21;3,5;4;5
2013-11-22;4,1;4,2;5
2013-11-23;2,8;4,3;5
2013-11-24;55,1;4,5;5
2013-11-25;5,4;4,6;4
2013-11-26;4,5;4,7;4
2013-11-27;6,6;4,8;4
2013-11-28;6;4,9;4
2013-11-29;3,3;5,1;4
2013-11-30;2,2;5,2;4
2013-12-01;99,1;5,3;4
2013-12-02;8,9;5,4;4
2013-12-03;6,7;5,5;4
2013-12-04;5,2;5,8;4
2013-12-05;4,8;6;4
2013-12-06;5,9;6,3;4
2013-12-07;3,7;6,6;4
2013-12-08;12,1;6,9;4
2013-12-09;11,4;7,1;5,4
2013-12-10;7;7,4;5,4
2013-12-11;9,8;7,6;5,4
2013-12-12;7,7;7,7;5,4
2013-12-13;6,6;7,9;5,4
2013-12-14;3,9;7,9;5,4
2013-12-15;47,4;7,9;5,4
2013-12-16;9,3;7,7;6,7
2013-12-17;9,6;7,6;6,7
2013-12-18;11;7,4;6,7
2013-12-19;8,7;7,2;6,7
2013-12-20;4,4;6,9;6,7
2013-12-21;2;6,6;6,7
2013-12-22;53,1;6,2;6,7
2013-12-23;9;6;6,7
2013-12-24;0,9;6,1;6,7
2013-12-25;1441;6,8;6,7
2013-12-26;11,9;7,9;6,7
2013-12-27;13,2;8,9;6,7
2013-12-28;6;9,5;6,7
2013-12-29;793,5;9,7;6,7
2013-12-30;9,4;9,8;7,9
2013-12-31;6,9;9,9;7,9
2014-01-01;13,2;10,1;7,9
2014-01-02;17,9;10,2;7,9
2014-01-03;10,3;10,4;7,9
2014-01-04;4,3;10,6;7,9
2014-01-05;713,7;10,7;7,9
2014-01-06;10,9;10,6;10,4
2014-01-07;12,6;10,6;10,4
2014-01-08;12,6;10,7;10,4
2014-01-09;9,3;11,2;10,4
2014-01-10;10,9;11,8;10,4
2014-01-11;4,6;12,3;10,4
2014-01-12;204,1;12,6;10,4
2014-01-13;26,2;12,7;14,3
2014-01-14;11;12,8;14,3
2014-01-15;13,8;12,9;14,3
2014-01-16;16,4;13,1;14,3
2014-01-17;9,1;13,5;14,3
2014-01-18;4,2;14;14,3
2014-01-19;285,7;14,7;14,3
2014-01-20;22,6;15,7;19
2014-01-21;14,3;17;19
2014-01-22;25,3;18,6;19
2014-01-23;23,2;20,7;19
2014-01-24;16,9;23,1;19
2014-01-25;13,7;25,3;19
2014-01-26;206,4;27,2;19
2014-01-27;44,5;28,9;26,7
2014-01-28;33,2;30,4;26,7
2014-01-29;44,9;32,3;26,7
2014-01-30;33;34,3;26,7
2014-01-31;19;36,3;26,7
2014-02-01;18,3;38,4;26,7
2014-02-02;1037,5;40,3;26,7
2014-02-03;88,4;42,1;35,7
2014-02-04;37,7;44,4;35,7
2014-02-05;45,9;47,6;35,7
2014-02-06;64,2;51,3;35,7
2014-02-07;34,3;54,9;35,7
2014-02-08;18,8;58,1;35,7
2014-02-09;2627,7;60,9;35,7
2014-02-10;154,6;63,4;46,4
2014-02-11;61,2;66,1;46,4
2014-02-12;70,5;69,4;46,4
2014-02-13;75,5;73,2;46,4
2014-02-14;42,7;76,8;46,4
2014-02-15;33,4;79;46,4
2014-02-16;923,6;80,2;46,4
2014-02-17;193,8;81,1;41,7
2014-02-18;102,4;82,2;41,7
2014-02-19;86,4;82,8;41,7
2014-02-20;76;82,2;41,7
2014-02-21;43,7;79;41,7
2014-02-22;32,8;72,9;41,7
2014-02-23;1175,7;65,2;41,7
2014-02-24;177,8;58;32,7
2014-02-25;58,3;52,1;32,7
2014-02-26;54,3;46,7;32,7
2014-02-27;24,1;41,4;32,7
2014-02-28;19,5;36,1;32,7
2014-03-01;12,3;30,9;32,7
2014-03-02;677,4;26,1;32,7
2014-03-03;49,2;22,6;19,1
2014-03-04;20,1;20,3;19,1
2014-03-05;19,5;18,5;19,1
2014-03-06;19;16,6;19,1
2014-03-07;7,2;14,5;19,1
2014-03-08;3,8;12,4;19,1
2014-03-09;2733,7;10,4;19,1
2014-03-10;14,3;8,8;9,9
2014-03-11;10,6;7,9;9,9
2014-03-12;6,4;7,2;9,9
2014-03-13;4,7;6,8;9,9
2014-03-14;4,7;6,4;9,9
2014-03-15;2,3;6;9,9
2014-03-16;226,6;5,6;9,9
2014-03-17;11,3;5,3;5,3
2014-03-18;5,2;5,1;5,3
2014-03-19;3,7;4,9;5,3
2014-03-20;6,8;4,6;5,3
2014-03-21;3,2;4,4;5,3
2014-03-22;2;4;5,3
2014-03-23;33,5;3,7;5,3
2014-03-24;4;3,4;5
2014-03-25;3,5;3,2;5
2014-03-26;4;3,1;5
2014-03-27;3,2;3;5
2014-03-28;1,7;3;5
2014-03-29;2;2,9;5
2014-03-30;83,6;2,8;5
2014-03-31;3;2,7;NA
2014-04-01;3,6;2,5;NA
2014-04-02;3,6;2,5;NA
2014-04-03;1,8;2,4;NA
2014-04-04;2;2,4;NA
2014-04-05;0,7;2,4;NA
2014-04-06;7,8;2,3;NA
2014-04-07;2,5;2,2;NA
2014-04-08;4,1;2,2;NA
2014-04-09;2,9;2,2;NA
2014-04-10;2,1;2,1;NA
2014-04-11;1,3;2;NA
2014-04-12;0,8;1,9;NA
2014-04-13;77,9;1,8;NA
2014-04-14;2,7;1,7;NA
2014-04-15;1;1,6;NA
2014-04-16;1,6;1,6;NA
2014-04-17;0,4;1,6;NA
